id,institutionCode,collectionCode,ownerInstitutionCode,collectionID,basisOfRecord,occurrenceID,catalogNumber,otherCatalogNumbers,kingdom,phylum,class,order,family,scientificName,taxonID,scientificNameAuthorship,genus,specificEpithet,taxonRank,infraspecificEpithet,identifiedBy,dateIdentified,identificationReferences,identificationRemarks,taxonRemarks,identificationQualifier,typeStatus,recordedBy,recordNumber,eventDate,year,month,day,startDayOfYear,endDayOfYear,verbatimEventDate,occurrenceRemarks,habitat,fieldNumber,informationWithheld,dataGeneralizations,dynamicProperties,associatedTaxa,reproductiveCondition,establishmentMeans,lifeStage,sex,individualCount,preparations,country,stateProvince,county,municipality,locality,locationRemarks,decimalLatitude,decimalLongitude,geodeticDatum,coordinateUncertaintyInMeters,verbatimCoordinates,georeferencedBy,georeferenceProtocol,georeferenceSources,georeferenceVerificationStatus,georeferenceRemarks,minimumElevationInMeters,maximumElevationInMeters,minimumDepthInMeters,maximumDepthInMeters,verbatimDepth,verbatimElevation,disposition,language,recordEnteredBy,modified,rights,rightsHolder,accessRights,recordId,references
485718,CS,,,f5db692d-95c2-4532-a9e0-76a3d2bb675a,PreservedSpecimen,,31945,,Plantae,Magnoliophyta,,Brassicales,Brassicaceae,"Physaria bellii",44662,G.A.Mulligan,Physaria,bellii,,,,,,,,,,"W Weber 3270",,1947-04-10,1947,4,10,100,,,,"shale in dry washes, S facing slope",,,,,,,,,,,,USA,Colorado,"Boulder County",,"Four-Mile Mesa",,40.0811,-105.2346,,,"T1N R70W S4",,,,,,,,,,,,,,,"2015-01-06 14:31:47",http://creativecommons.org/licenses/by-nc/3.0/,,,urn:uuid:84eba895-7164-4d0b-b5e3-e17ca230babf,http://swbiodiversity.org/seinet/collections/individual/index.php?occid=485718
485719,CS,,,f5db692d-95c2-4532-a9e0-76a3d2bb675a,PreservedSpecimen,,31364,,Plantae,Magnoliophyta,,Brassicales,Brassicaceae,"Physaria bellii",44662,G.A.Mulligan,Physaria,bellii,,,,,,,,,,"W Weber 3372",,1947-05-22,1947,5,22,142,,,,"SE facing shale slope",,,,,,,,,,,,USA,Colorado,"Boulder County",,"Four-Mile Mesa 4 mi N of Boulder",,40.1398,-105.2873,,,,,,,,,,,,,,,,,,"2015-01-06 14:31:47",http://creativecommons.org/licenses/by-nc/3.0/,,,urn:uuid:d5969437-36bb-40ec-a4fb-3915da4e7f89,http://swbiodiversity.org/seinet/collections/individual/index.php?occid=485719
485720,CS,,,f5db692d-95c2-4532-a9e0-76a3d2bb675a,PreservedSpecimen,,58966,,Plantae,Magnoliophyta,,Brassicales,Brassicaceae,"Physaria bellii",44662,G.A.Mulligan,Physaria,bellii,,,,,,,,,,"T Naumann 2",,1984-06-07,1984,6,7,159,,,,"clay loam",,,,,,,,,,,,USA,Colorado,"Boulder County",,"Niwot Rd 1/2 mi E of jct with Hwy 36",,40.1101,-105.2723,,,"T2N R70W S30 1/4",,,,,,1655,,,,,"5430 ft.",,,,"2015-01-06 14:31:47",http://creativecommons.org/licenses/by-nc/3.0/,,,urn:uuid:9127dadb-7230-4722-849b-3c52752a0ad3,http://swbiodiversity.org/seinet/collections/individual/index.php?occid=485720
485721,CS,,,f5db692d-95c2-4532-a9e0-76a3d2bb675a,PreservedSpecimen,,58945,,Plantae,Magnoliophyta,,Brassicales,Brassicaceae,"Physaria bellii",44662,G.A.Mulligan,Physaria,bellii,,,,,,,,,,"T Naumann 1",,1984-06-07,1984,6,7,159,,,,shale,,,,,,,,,,,,USA,Colorado,"Boulder County",,"US Hwy 36, 3 mi N of Boulder, ca 0.6 mi N of Left-hand Valley Reservoir",,40.1101,-105.2723,,,"T2N R70W S30",,,,,,1676,,,,,"5499 ft.",,,,"2015-01-06 14:31:47",http://creativecommons.org/licenses/by-nc/3.0/,,,urn:uuid:f971859f-0ae6-435a-9f39-a017183dff6d,http://swbiodiversity.org/seinet/collections/individual/index.php?occid=485721
485722,CS,,,f5db692d-95c2-4532-a9e0-76a3d2bb675a,PreservedSpecimen,,72528,,Plantae,Magnoliophyta,,Brassicales,Brassicaceae,"Physaria bellii",44662,G.A.Mulligan,Physaria,bellii,,,,,,,,,,"B Neely 2514",,1985-05-05,1985,5,5,125,,,,"shale outcrops, E facing slope",,,,,,,,,,,,USA,Colorado,"Boulder County",,"along Hwy 36, 4 mi N of Boulder",,40.1012,-105.2507,,,,,,,,,,,,,,,,,,"2015-01-06 14:31:47",http://creativecommons.org/licenses/by-nc/3.0/,,,urn:uuid:c4417e37-9b94-41e6-8236-cd83c267fd30,http://swbiodiversity.org/seinet/collections/individual/index.php?occid=485722
485723,CS,,,f5db692d-95c2-4532-a9e0-76a3d2bb675a,PreservedSpecimen,,70027,,Plantae,Magnoliophyta,,Brassicales,Brassicaceae,"Physaria bellii",44662,G.A.Mulligan,Physaria,bellii,,,,,,,,,,"R Popp",,1983-06-10,1983,6,10,161,,,,"shale outcrops & loose gravelly soil",,,,,,,,,,,,USA,Colorado,"Boulder County",,"along Hwy 38, 4 mi N of jct with St Hwy 119",,40.0956,-105.2723,,,"T2N R70W S31",,,,,,1706,,,,,"5597 ft.",,,,"2015-01-06 14:31:47",http://creativecommons.org/licenses/by-nc/3.0/,,,urn:uuid:f5d38b1a-9fcb-4539-9d8e-9b90cb388ac0,http://swbiodiversity.org/seinet/collections/individual/index.php?occid=485723
485724,CS,,,f5db692d-95c2-4532-a9e0-76a3d2bb675a,PreservedSpecimen,,1234,,Plantae,Magnoliophyta,,Brassicales,Brassicaceae,"Physaria bellii",44662,G.A.Mulligan,Physaria,bellii,,,,,,,,,,"D Wilken 12887",,1977-05-18,1977,5,18,138,,,,"shale outcrop & loose gravelly soil",,,,,,,,,,,,USA,Colorado,"Boulder County",,"along Hwy 7, 3 mi N of jct with Hwy 119",,40.0187,-105.2503,,,,,,,,,1706,,,,,"5597 ft.",,,,"2015-01-06 14:31:47",http://creativecommons.org/licenses/by-nc/3.0/,,,urn:uuid:9eb1c1b2-5e2e-461e-9153-fa0d7932e920,http://swbiodiversity.org/seinet/collections/individual/index.php?occid=485724
485725,CS,,,f5db692d-95c2-4532-a9e0-76a3d2bb675a,PreservedSpecimen,,70028,,Plantae,Magnoliophyta,,Brassicales,Brassicaceae,"Physaria bellii",44662,G.A.Mulligan,Physaria,bellii,,,,,,,,,,"R Popp",,1983-06-18,1983,6,18,169,,,,"shale outcrops",,,,,,,,,,,,USA,Colorado,"Larimer County",,"0.1 mi N of County Rd 8, 1.3 mi W of jct with Hwy 56, SW of Loveland",,40.3137,-105.178,,,"T4N R70W S13",,,,,,1600,,,,,"5250 ft.",,,,"2015-01-06 14:31:47",http://creativecommons.org/licenses/by-nc/3.0/,,,urn:uuid:5d69680a-a490-4529-91d2-7db9e6b3710a,http://swbiodiversity.org/seinet/collections/individual/index.php?occid=485725
485726,CS,,,f5db692d-95c2-4532-a9e0-76a3d2bb675a,PreservedSpecimen,,23324,,Plantae,Magnoliophyta,,Brassicales,Brassicaceae,"Physaria bellii",44662,G.A.Mulligan,Physaria,bellii,,,,,,,,,,"T Naumann & K Trout 4",,1984-07-02,1984,7,2,184,,,,"sandy soil of E facing slope",,,,,,,,,,,,USA,Colorado,"Larimer County",,"0.8 mi SW of Hagler Reservoir, 0.7 mi SE of Poison Lake",,40.3584,-105.1641,,,"T5N R69W S31",,,,,,1597,,,,,"5240 ft.",,,,"2015-01-06 14:31:47",http://creativecommons.org/licenses/by-nc/3.0/,,,urn:uuid:64163a4a-d2d9-44f2-95ef-ad1c5ca2dff4,http://swbiodiversity.org/seinet/collections/individual/index.php?occid=485726
485727,CS,,,f5db692d-95c2-4532-a9e0-76a3d2bb675a,PreservedSpecimen,,72525,,Plantae,Magnoliophyta,,Brassicales,Brassicaceae,"Physaria bellii",44662,G.A.Mulligan,Physaria,bellii,,,,,,,,,,"B Neely 2734",,1985-06-02,1985,6,2,153,,,,"shale bluffs",,,,,,,,,,,,USA,Colorado,"Larimer County",,"3.6 mi E of Hwy 287, Campbell Valley just S of Reservoir 15",,40.7708,-105.1202,,,"T9N R69W",,,,,,,,,,,,,,,"2015-01-06 14:31:47",http://creativecommons.org/licenses/by-nc/3.0/,,,urn:uuid:7241182c-390a-4397-ba55-9061fe6f4d96,http://swbiodiversity.org/seinet/collections/individual/index.php?occid=485727
485728,CS,,,f5db692d-95c2-4532-a9e0-76a3d2bb675a,PreservedSpecimen,,23325,,Plantae,Magnoliophyta,,Brassicales,Brassicaceae,"Physaria bellii",44662,G.A.Mulligan,Physaria,bellii,,,,,,,,,,"T Naumann & K Trout 3",,1984-07-02,1984,7,2,184,,,,"sandy to rocky soil",,,,,,,,,,,,USA,Colorado,"Larimer County",,"E of Dixon Reservoir",,40.5608,-105.1451,,,"T7N R69W S20 1/4",,,,,,1584,,,,,"5197 ft.",,,,"2015-01-06 14:31:47",http://creativecommons.org/licenses/by-nc/3.0/,,,urn:uuid:7838c50b-f96e-4487-81a8-ce17d1751cc8,http://swbiodiversity.org/seinet/collections/individual/index.php?occid=485728
485729,CS,,,f5db692d-95c2-4532-a9e0-76a3d2bb675a,PreservedSpecimen,,9261,,Plantae,Magnoliophyta,,Brassicales,Brassicaceae,"Physaria bellii",44662,G.A.Mulligan,Physaria,bellii,,,,,,,,,,"C Crandall",,1896-05-02,1896,5,2,123,,,,,,,,,,,,,,,,USA,Colorado,"Larimer County",,"N of La Porte",,40.6504,-105.1366,,,,,,,,,,,,,,,,,,"2015-01-06 14:31:47",http://creativecommons.org/licenses/by-nc/3.0/,,,urn:uuid:aa458640-6bc3-4ded-8857-f250e4d558a9,http://swbiodiversity.org/seinet/collections/individual/index.php?occid=485729
485730,CS,,,f5db692d-95c2-4532-a9e0-76a3d2bb675a,PreservedSpecimen,,61314,,Plantae,Magnoliophyta,,Brassicales,Brassicaceae,"Physaria bellii",44662,G.A.Mulligan,Physaria,bellii,,,,,,,,,,"D Wilken 14302",,1985-05-06,1985,5,6,126,,,,"steep W facing slope of open shale",,,,,,,,,,,,USA,Colorado,"Larimer County",,"W side of strip mine, Cement Plant, 2.5 mi N of La Porte, 1.5 mi W of Taft Hill Rd",,40.662,-105.1451,,,"T8N R69W S17",,,,,,1584,,,,,"5197 ft.",,,,"2015-01-06 14:31:47",http://creativecommons.org/licenses/by-nc/3.0/,,,urn:uuid:c163d3c5-ee39-421f-a3f8-0c2df3937925,http://swbiodiversity.org/seinet/collections/individual/index.php?occid=485730
485731,CS,,,f5db692d-95c2-4532-a9e0-76a3d2bb675a,PreservedSpecimen,,70031,,Plantae,Magnoliophyta,,Brassicales,Brassicaceae,"Physaria bellii",44662,G.A.Mulligan,Physaria,bellii,,,,,,,,,,"R Popp",,1983-06-29,1983,6,29,180,,,,"gravelly soil & sandstone",,,,,,,,,,,,USA,Colorado,"Larimer County",,"along Hwy 186, 2 mi N of Masonville",,40.503,-105.2021,,,"T6N R70W S11",,,,,,1706,,,,,"5597 ft.",,,,"2015-01-06 14:31:47",http://creativecommons.org/licenses/by-nc/3.0/,,,urn:uuid:0ff0f2fd-2dff-47c3-9070-e8676ab8159a,http://swbiodiversity.org/seinet/collections/individual/index.php?occid=485731
485732,CS,,,f5db692d-95c2-4532-a9e0-76a3d2bb675a,PreservedSpecimen,,70030,,Plantae,Magnoliophyta,,Brassicales,Brassicaceae,"Physaria bellii",44662,G.A.Mulligan,Physaria,bellii,,,,,,,,,,"R Popp",,1983-06-17,1983,6,17,168,,,,"loose gravelly soil of shale outcrops",,,,,,,,,,,,USA,Colorado,"Larimer County",,"along N side of Owl Canyon Rd, 4 mi E of US Hwy 287",,40.7777,-105.1243,,,"T9N R69W S4",,,,,,1658,,,,,"5440 ft.",,,,"2015-01-06 14:31:47",http://creativecommons.org/licenses/by-nc/3.0/,,,urn:uuid:b61e0a66-1e7c-4ce1-9fad-c1400bb8596e,http://swbiodiversity.org/seinet/collections/individual/index.php?occid=485732
485733,CS,,,f5db692d-95c2-4532-a9e0-76a3d2bb675a,PreservedSpecimen,,70029,,Plantae,Magnoliophyta,,Brassicales,Brassicaceae,"Physaria bellii",44662,G.A.Mulligan,Physaria,bellii,,,,,,,,,,"R Popp",,1983-06-18,1983,6,18,169,,,,"shale outcrop",,,,,,,,,,,,USA,Colorado,"Larimer County",,"along NW side of Dixon Reservoir, ca 1/8 mi S of County Rd 42C",,40.5608,-105.1451,,,"T7N R69W S20 1/4",,,,,,1584,,,,,"5197 ft.",,,,"2015-01-06 14:31:47",http://creativecommons.org/licenses/by-nc/3.0/,,,urn:uuid:a349b090-038a-475a-bf04-617f023a3dc4,http://swbiodiversity.org/seinet/collections/individual/index.php?occid=485733
485734,CS,,,f5db692d-95c2-4532-a9e0-76a3d2bb675a,PreservedSpecimen,,9263,,Plantae,Magnoliophyta,,Brassicales,Brassicaceae,"Physaria bellii",44662,G.A.Mulligan,Physaria,bellii,,,,,,,,,,"C Crandall",,1898-06-07,1898,6,7,158,,,,,,,,,,,,,,,,USA,Colorado,"Larimer County",,"hills N of La Porte",,40.6395,-105.1675,,,,,,,,,,,,,,,,,,"2015-01-06 14:31:47",http://creativecommons.org/licenses/by-nc/3.0/,,,urn:uuid:cad81557-2ba4-4072-82ea-b37d7edb097f,http://swbiodiversity.org/seinet/collections/individual/index.php?occid=485734
485735,CS,,,f5db692d-95c2-4532-a9e0-76a3d2bb675a,PreservedSpecimen,,9262,,Plantae,Magnoliophyta,,Brassicales,Brassicaceae,"Physaria bellii",44662,G.A.Mulligan,Physaria,bellii,,,,,,,,,,"C Crandall",,1898-05-07,1898,5,7,127,,,,,,,,,,,,,,,,USA,Colorado,"Larimer County",,"hills N of La Porte",,40.6395,-105.1675,,,,,,,,,,,,,,,,,,"2015-01-06 14:31:47",http://creativecommons.org/licenses/by-nc/3.0/,,,urn:uuid:ece6c787-33dd-4d9f-bd4f-4ece10a080fc,http://swbiodiversity.org/seinet/collections/individual/index.php?occid=485735
485736,CS,,,f5db692d-95c2-4532-a9e0-76a3d2bb675a,PreservedSpecimen,,9259,,Plantae,Magnoliophyta,,Brassicales,Brassicaceae,"Physaria bellii",44662,G.A.Mulligan,Physaria,bellii,,,,,,,,,,"C Crandall",,1890-05-14,1890,5,14,134,,,,,,,,,,,,,,,,USA,Colorado,"Larimer County",,"prairie N of Ft Collins",,40.646,-105.1455,,,,,,,,,,,,,,,,,,"2015-01-06 14:31:47",http://creativecommons.org/licenses/by-nc/3.0/,,,urn:uuid:1676e7ec-d6c7-4802-a4c7-19c3d36393d0,http://swbiodiversity.org/seinet/collections/individual/index.php?occid=485736
518113,CS,,,f5db692d-95c2-4532-a9e0-76a3d2bb675a,PreservedSpecimen,,76328,,Plantae,Magnoliophyta,,Brassicales,Brassicaceae,"Physaria bellii",44662,G.A.Mulligan,Physaria,bellii,,,,,,,,,,"Spackman & Kettler",,,,,,,,,,"white shale barrens",,,,,,,,,,,,USA,Colorado,"Larimer County",,"Livermore quad",,40.7941,-105.2142,,,,,,,,,,,,,,,,,,"2015-01-06 14:31:47",http://creativecommons.org/licenses/by-nc/3.0/,,,urn:uuid:0046c20b-04f4-403d-aee0-dcead8021b51,http://swbiodiversity.org/seinet/collections/individual/index.php?occid=518113
519594,CS,,,f5db692d-95c2-4532-a9e0-76a3d2bb675a,PreservedSpecimen,,80396,,Plantae,Magnoliophyta,,Brassicales,Brassicaceae,"Physaria bellii",44662,G.A.Mulligan,Physaria,bellii,,,,,,,,,,"Sarah Shoeneman",1,2000-09-12,2000,9,12,256,,,,"Shale gulley.",,,,,,,,,,,,USA,Colorado,"Larimer County",,"Between Berthoud and Longmont:  W and S of Berthoud against foothills (South on RD 23E, West on RD 6) into housing subdivision.",,40.2847,-105.178,,,"T4N R70W S25",,,,,,1615,,,,,"5300 ft.",,,,"2015-01-06 14:31:47",http://creativecommons.org/licenses/by-nc/3.0/,,,urn:uuid:5ed276aa-0bd6-48d3-be17-e59948d221d2,http://swbiodiversity.org/seinet/collections/individual/index.php?occid=519594
520582,CS,,,f5db692d-95c2-4532-a9e0-76a3d2bb675a,PreservedSpecimen,,81195,,Plantae,Magnoliophyta,,Brassicales,Brassicaceae,"Physaria bellii",44662,G.A.Mulligan,Physaria,bellii,,,,,,,,,,"B Maswabi",1,1999-05-22,1999,5,22,142,,,,,,,,,,,,,,,,USA,Colorado,"Larimer County",,"1 mi. S County Rd. 42C, 0.5 mi. W of County Rd. 21, S of Dixon Reservoir, Ft. Collins.",,40.5464,-105.1451,,,"T7N R69W S29",,,,,,1585,,,,,"5200 ft.",,,,"2015-01-06 14:31:47",http://creativecommons.org/licenses/by-nc/3.0/,,,urn:uuid:7fcccda6-3991-4523-be4d-a9c4fdc9e559,http://swbiodiversity.org/seinet/collections/individual/index.php?occid=520582
522766,CS,,,f5db692d-95c2-4532-a9e0-76a3d2bb675a,PreservedSpecimen,,83184,,Plantae,Magnoliophyta,,Brassicales,Brassicaceae,"Physaria bellii",44662,G.A.Mulligan,Physaria,bellii,,,,,,,,,,"Jennifer Ackerfield & Jeff Brown",759,2002-06-20,2002,6,20,171,,,,"Frequent on the top of the ridge in gravelly soil.",,,,,,,,,,,,USA,Colorado,"Larimer County",,"Park at the end of Horsetooth Rd. in Ft. Collins, at the top of the ridge going to Dixon Reservoir.",,40.541111,-105.131667,,,,,,,,,1585,,,,,"5200 ft.",,,,"2015-01-06 14:31:47",http://creativecommons.org/licenses/by-nc/3.0/,,,urn:uuid:154157c9-5c38-4f56-8ecd-cbeaa8f2e460,http://swbiodiversity.org/seinet/collections/individual/index.php?occid=522766
522995,CS,,,f5db692d-95c2-4532-a9e0-76a3d2bb675a,PreservedSpecimen,,83204,,Plantae,Magnoliophyta,,Brassicales,Brassicaceae,"Physaria bellii",44662,G.A.Mulligan,Physaria,bellii,,,,,,,,,,"Jennifer Ackerfield",872,2002-08-10,2002,8,10,222,,,,"Locally common on shale outcropping",,,,,,,,,,,,USA,Colorado,"Larimer County",,"Owl Canyon Rd. (Rd. 72) N of Ft. Collins, east approximately 1.5 mi.",,40.7767,-105.1418,,,,,,,,,1707,,,,,"5600 ft.",,,,"2015-01-06 14:31:47",http://creativecommons.org/licenses/by-nc/3.0/,,,urn:uuid:5c8e7cda-6901-4270-bde4-d1b70de171bc,http://swbiodiversity.org/seinet/collections/individual/index.php?occid=522995
526896,CS,,,f5db692d-95c2-4532-a9e0-76a3d2bb675a,PreservedSpecimen,,86494,,Plantae,Magnoliophyta,,Brassicales,Brassicaceae,"Physaria bellii",44662,G.A.Mulligan,Physaria,bellii,,,,,,,,,,"G Doyle",GD04-01,2004-05-12,2004,5,12,133,,,,"Ingleside Formation.  flower color yellow, and in flower and fruit",,,,,,,,,,,,USA,Colorado,"Larimer County",,"Larimer County Open Space, west-facing red sandstone hogback slope west of Indian Creek.",,40.4452,-105.1641,,,"T6N R69W S31 NE4",,,,,,1631,,,,,"5350 ft.",,,,"2015-01-06 14:31:47",http://creativecommons.org/licenses/by-nc/3.0/,,,urn:uuid:516f8905-6e40-404d-98f7-1e81eaeb6357,http://swbiodiversity.org/seinet/collections/individual/index.php?occid=526896
526897,CS,,,f5db692d-95c2-4532-a9e0-76a3d2bb675a,PreservedSpecimen,,86493,,Plantae,Magnoliophyta,,Brassicales,Brassicaceae,"Physaria bellii",44662,G.A.Mulligan,Physaria,bellii,,,,,,,,,,"G Doyle",GD04-02,2004-05-17,2004,5,17,138,,,,"Ingleside Formation.  flower color yellow, and in flower and fruit",,,,,,,,,,,,USA,Colorado,"Larimer County",,"West-facing red sandstone hogback slope east of Loveland north of Hwy 34.  1/2 mile west of Devil's Backbone.  Hidden Valley Lykins Fm.",,40.4162,-105.1451,,,"T5N R69W S8",,,,,,1585,,,,,"5200 ft.",,,,"2015-01-06 14:31:47",http://creativecommons.org/licenses/by-nc/3.0/,,,urn:uuid:09277f20-e4bb-45d1-85b5-27bc65f9a621,http://swbiodiversity.org/seinet/collections/individual/index.php?occid=526897
959178,ARIZ,,,5991f10e-a5e6-47d7-acfe-e26e6686d02a,PreservedSpecimen,urn:uuid:1185381b-df14-45bc-8b80-9857fb869b4e,390248,,Plantae,Magnoliophyta,,Brassicales,Brassicaceae,"Physaria bellii",44662,G.A.Mulligan,Physaria,bellii,,,,1996-06-21,,,,,,"Andrew Salywon; Dave Dierig",USDA-3105,1996-06-21,1996,6,21,173,,"June,21,1996",,"Grassland with Yucca & Opuntia.",,,,,,,,,,,,"United States",Colorado,"Boulder County",,"Roadcut on Hwy 36 0.5 miles north of Hwy 7",,40.069549,-105.283583,,,"UTM: 13 475818 4435515",,,,,,1632,,,,,"5353 ft.",,,,"2015-09-23 15:21:45",http://creativecommons.org/licenses/by-nc/3.0/,,,urn:uuid:e4451335-777e-4006-9f12-8d8fdd436436,http://swbiodiversity.org/seinet/collections/individual/index.php?occid=959178
1531908,RM,,,ee7a5f18-f9b4-4c78-b36e-3763a5852c46,PreservedSpecimen,,87164,,Plantae,Magnoliophyta,,Brassicales,Brassicaceae,"Physaria bellii",44662,G.A.Mulligan,Physaria,bellii,,,,,,,,,,"Ellsworth Bethel",4137,1921-07-22,1921,7,22,203,,1921-7-22,,"Dry slate hills.",,,,,,fruiting,,,,,,U.S.A.,Colorado,Boulder,,"8 mi N of Boulder.",,,,,,,,,,,,1725,,,,,"1725 m.",,English,,"2013-02-06 11:10:44",http://creativecommons.org/licenses/by-nc/3.0/,,,urn:uuid:8df0b31a-293f-4f71-89ec-5dcedc45eec0,http://swbiodiversity.org/seinet/collections/individual/index.php?occid=1531908
1533154,RM,,,ee7a5f18-f9b4-4c78-b36e-3763a5852c46,PreservedSpecimen,,52970,,Plantae,Magnoliophyta,,Brassicales,Brassicaceae,"Physaria bellii",44662,G.A.Mulligan,Physaria,bellii,,,,,,,,,,"Francis Ramaley",1016,1905-05-30,1905,5,30,150,,1905-5-30,,,,,,,,fruiting,,,,,,U.S.A.,Colorado,Boulder,,"Near Boulder.",,,,,,,,,,,,1700,,,,,"1700 m.",,English,,"2013-02-06 11:10:45",http://creativecommons.org/licenses/by-nc/3.0/,,,urn:uuid:cbff5222-ffb4-4bee-ac4c-fc26c87e7337,http://swbiodiversity.org/seinet/collections/individual/index.php?occid=1533154
1537949,RM,,,ee7a5f18-f9b4-4c78-b36e-3763a5852c46,PreservedSpecimen,,168741,,Plantae,Magnoliophyta,,Brassicales,Brassicaceae,"Physaria bellii",44662,G.A.Mulligan,Physaria,bellii,,,,,,,,,,"George E. Osterhout",5616,1917-06-25,1917,6,25,176,,1917-6-25,,,,,,,,"flowering and fruiting",,,,,,U.S.A.,Colorado,Larimer,,"Fossil Creek.",,,,,,,,,,,,,,,,,,,English,,"2013-02-06 11:10:49",http://creativecommons.org/licenses/by-nc/3.0/,,,urn:uuid:35efd914-c43a-4919-a3a6-d44984b7c053,http://swbiodiversity.org/seinet/collections/individual/index.php?occid=1537949
1539874,RM,,,ee7a5f18-f9b4-4c78-b36e-3763a5852c46,PreservedSpecimen,,183856,,Plantae,Magnoliophyta,,Brassicales,Brassicaceae,"Physaria bellii",44662,G.A.Mulligan,Physaria,bellii,,,,,,,,,,"Gerald B. Ownbey",583,1940-06-19,1940,6,19,171,,1940-6-19,,"Dry, eroded hillside.",,,,,,fruiting,,,,,,U.S.A.,Colorado,Larimer,,"1 mi E of Owl Creek Canyon, Laramie-Fort Collins Highway.",,,,,,,,,,,,,,,,,,,English,,"2013-02-06 11:10:51",http://creativecommons.org/licenses/by-nc/3.0/,,,urn:uuid:a0d4d02c-321c-4c18-a957-05f0e1174310,http://swbiodiversity.org/seinet/collections/individual/index.php?occid=1539874
1548168,RM,,,ee7a5f18-f9b4-4c78-b36e-3763a5852c46,PreservedSpecimen,,234306,,Plantae,Magnoliophyta,,Brassicales,Brassicaceae,"Physaria bellii",44662,G.A.Mulligan,Physaria,bellii,,,,,,,,,,"Reed C. Rollins",5145,1951-07-03,1951,7,3,184,,1951-7-3,,"Seleniferous shale.",,,,,,fruiting,,,,,,U.S.A.,Colorado,Boulder,,"10 mi S of Lyons: Boulder-Lyons Road.",,,,,,,,,,,,1616,,,,,"5300 ft.",,English,,"2013-02-06 11:10:57",http://creativecommons.org/licenses/by-nc/3.0/,,,urn:uuid:d318b5d5-c2e1-4ee3-8b61-ede9849e1ef6,http://swbiodiversity.org/seinet/collections/individual/index.php?occid=1548168
1548194,RM,,,ee7a5f18-f9b4-4c78-b36e-3763a5852c46,PreservedSpecimen,,339307,,Plantae,Magnoliophyta,,Brassicales,Brassicaceae,"Physaria bellii",44662,G.A.Mulligan,Physaria,bellii,,,,,,,,,,"Reed C. Rollins",7948,1979-05-24,1979,5,24,144,,1979-5-24,,"Shale of road cut.",,,,,,"flowering and fruiting",,,,,,U.S.A.,Colorado,Boulder,,"U.S. Hwy 36, 9 mi S of Lyons.",,,,,,,,,,,,,,,,,,,English,,"2009-03-19 16:04:26",http://creativecommons.org/licenses/by-nc/3.0/,,,urn:uuid:1135a11e-5357-41d5-a4b7-17f162f07102,http://swbiodiversity.org/seinet/collections/individual/index.php?occid=1548194
1551664,RM,,,ee7a5f18-f9b4-4c78-b36e-3763a5852c46,PreservedSpecimen,,541956,,Plantae,Magnoliophyta,,Brassicales,Brassicaceae,"Physaria bellii",44662,G.A.Mulligan,Physaria,bellii,,,,,,,,,,"W. F. Jennings",89-3,1989-05-21,1989,5,21,141,,1989-5-21,,"Niobrara shale, populations evidently doomed by new development.",,,,,,"flowering and fruiting",,,,,,U.S.A.,Colorado,Larimer,,"Westridge Ranch subdivision, just E of Horsetooth Reservoir Road, SW edge of Fort Collins.",,,,,,"T7N R69W S33; also T6N R69W S4",,,,,,,,,,,,,English,,"2012-02-17 15:32:41",http://creativecommons.org/licenses/by-nc/3.0/,,,urn:uuid:a05f0ad2-5118-480d-b6dc-ef7ae76dba8c,http://swbiodiversity.org/seinet/collections/individual/index.php?occid=1551664
1553001,RM,,,ee7a5f18-f9b4-4c78-b36e-3763a5852c46,PreservedSpecimen,,210087,,Plantae,Magnoliophyta,,Brassicales,Brassicaceae,"Physaria bellii",44662,G.A.Mulligan,Physaria,bellii,,,,,,,,,,"William A. Weber",3270,1947-04-10,1947,4,10,100,,1947-4-10,,"South-facing slopes on weathered shale in dry washes.",,,,,,flowering,,,,,,U.S.A.,Colorado,Boulder,,"Four-Mile Mesa.",,40.0811,-105.2346,,1609,"40.0811° N, 105.2346° W; uncertainty 1 mi.; T1N R70W S4",,,,,,,,,,,,,English,,"2013-02-06 11:10:59",http://creativecommons.org/licenses/by-nc/3.0/,,,urn:uuid:9068536a-3704-4de1-958d-22a2b938361b,http://swbiodiversity.org/seinet/collections/individual/index.php?occid=1553001
2775564,NY,,,b39167b5-1732-4bbf-aeda-9b8ede470fbd,PreservedSpecimen,c58dc76e-b1c8-4dcc-97a3-a61d1ac47178,24519,,Plantae,Magnoliophyta,,Brassicales,Brassicaceae,"Physaria bellii",44662,G.A.Mulligan,Physaria,bellii,,,,,,,,,,"R. C. Rollins",5145,1951-07-03,1951,7,3,184,184,"03 Jul 1951",,,,,,,,,,,,,sheet,"United States of America",Colorado,"Boulder Co.",,"10 miles south of Lyons, Boulder-Lyons road",,,,,,,,,,,,1615,1615,,,,"5300 ft",,en,,"2018-06-21 00:10:37",http://creativecommons.org/licenses/by-nc/3.0/,,,urn:uuid:a116caec-d05b-4c4e-9456-813c6b093bac,http://swbiodiversity.org/seinet/collections/individual/index.php?occid=2775564
2776220,NY,,,b39167b5-1732-4bbf-aeda-9b8ede470fbd,PreservedSpecimen,0f5a8f1d-5ab9-41aa-8cc0-4d5379a2f7a4,185607,,Plantae,Magnoliophyta,,Brassicales,Brassicaceae,"Physaria bellii",44662,G.A.Mulligan,Physaria,bellii,,,,,,,,,isotype,"G. A. Mulligan",2898,1964-08-24,1964,8,24,237,237,"24 Aug 1964",,,,,,,,,,,,,sheet,"United States of America",Colorado,"Boulder Co.",,"4.5 miles north of Boulder",,,,,,,,,,,,1745,1745,,,,"5725 ft",,en,,"2016-09-27 00:00:00",http://creativecommons.org/licenses/by-nc/3.0/,,,urn:uuid:aeea2154-5dd0-485d-99d7-87d7fb46fa48,http://swbiodiversity.org/seinet/collections/individual/index.php?occid=2776220
2776318,NY,,,b39167b5-1732-4bbf-aeda-9b8ede470fbd,PreservedSpecimen,2a4176cb-0cfc-43fa-8e63-d0c714c01311,24516,,Plantae,Magnoliophyta,,Brassicales,Brassicaceae,"Physaria bellii",44662,G.A.Mulligan,Physaria,bellii,,,,,,,,,,"I. W. Clokey",4137,1921-07-22,1921,7,22,203,203,"22 Jul 1921",,"Dry hills",,,,,,,,,,,sheet,"United States of America",Colorado,"Boulder Co.",,"8 miles north of Boulder",,,,,,,,,,,,1725,1725,,,,"5659.4 ft",,en,,"2018-06-21 00:10:37",http://creativecommons.org/licenses/by-nc/3.0/,,,urn:uuid:a7acfef4-adb1-41bb-889f-dda66bf19960,http://swbiodiversity.org/seinet/collections/individual/index.php?occid=2776318
2776428,NY,,,b39167b5-1732-4bbf-aeda-9b8ede470fbd,PreservedSpecimen,2839c9bf-714a-4b61-a141-723afe81c9a0,24517,,Plantae,Magnoliophyta,,Brassicales,Brassicaceae,"Physaria bellii",44662,G.A.Mulligan,Physaria,bellii,,,,,,,,,,"R. C. Rollins",7948,1979-05-24,1979,5,24,144,144,"24 May 1979",,,,,,,,,,,,,sheet,"United States of America",Colorado,"Boulder Co.",,"Road cut, US Highway 36, 9 miles south of Lyons",,,,,,,,,,,,,,,,,,,en,,"2018-06-21 00:10:37",http://creativecommons.org/licenses/by-nc/3.0/,,,urn:uuid:77093844-7eda-4c22-b62b-dba1d60f364c,http://swbiodiversity.org/seinet/collections/individual/index.php?occid=2776428
2776557,NY,,,b39167b5-1732-4bbf-aeda-9b8ede470fbd,PreservedSpecimen,86f9d50b-d8ff-4a92-b578-1044ef6389e6,24518,,Plantae,Magnoliophyta,,Brassicales,Brassicaceae,"Physaria bellii",44662,G.A.Mulligan,Physaria,bellii,,,,,,,,,,"D. H. Wilken",12887,1977-05-18,1977,5,18,138,138,"18 May 1977",,,,,,,,,,,,,sheet,"United States of America",Colorado,"Boulder Co.",,"Along Highway 7, 3 miles north of junction with Highway 119",,,,,,,,,,,,1707,1707,,,,"5600 ft",,en,,"2018-06-21 00:10:37",http://creativecommons.org/licenses/by-nc/3.0/,,,urn:uuid:4c766b39-222a-432f-9331-93da39042fc6,http://swbiodiversity.org/seinet/collections/individual/index.php?occid=2776557
2862902,NY,,,b39167b5-1732-4bbf-aeda-9b8ede470fbd,PreservedSpecimen,add6dac0-c3e3-4d2b-9577-ab01e6967a45,609867,,Plantae,Magnoliophyta,,Brassicales,Brassicaceae,"Physaria bellii",44662,G.A.Mulligan,Physaria,bellii,,,"N. H. Holmgren",2002,,,,,,"T. G. Yuncker",3988,1931-06-09,1931,6,9,160,160,"09 Jun 1931",,"In dry soil along roadside",,,,,,,,,,,sheet,"United States of America",Colorado,,,"5 miles north of Boulder",,,,,,,,,,,,,,,,,,,en,,"2018-06-21 00:10:37",http://creativecommons.org/licenses/by-nc/3.0/,,,urn:uuid:c04f0cba-4096-4865-a020-cf84e1edf5e8,http://swbiodiversity.org/seinet/collections/individual/index.php?occid=2862902
3040013,DBG,KHD,,ca77be98-2a59-4aa9-bfc1-5ea615f2e6b7,PreservedSpecimen,03c105f9-44cd-429f-8264-736f7528f770,KHD00030065,18435,Plantae,Magnoliophyta,,Brassicales,BRASSICACEAE,"Physaria bellii",44662,G.A.Mulligan,Physaria,bellii,,,,,,,,,,"William G. Gambill Jr.",,1976-04-19,1976,4,19,110,,,,"Shale outcrop",,,,,,Flower,,,,,,USA,Colorado,Boulder,,"Shale outcrop between Boulder and Lyons, CO.",,40.154987,-105.275836,,10000,"13N 0476508E 4444996N",,,"Terrain Navigator",,"Certainty code: 6",1748,,,,,"5734 FT ca",,,,"2018-04-10 15:54:01",http://creativecommons.org/publicdomain/zero/1.0/,"Public Domain","Public Domain",urn:uuid:03c105f9-44cd-429f-8264-736f7528f770,http://swbiodiversity.org/seinet/collections/individual/index.php?occid=3040013
3040630,DBG,KHD,,ca77be98-2a59-4aa9-bfc1-5ea615f2e6b7,PreservedSpecimen,a4dd3372-7202-4747-9859-5dfce215241d,KHD00030064,19918,Plantae,Magnoliophyta,,Brassicales,BRASSICACEAE,"Physaria bellii",44662,G.A.Mulligan,Physaria,bellii,,,,,,,,,,"William G. Gambill Jr.",,1984-05-07,1984,5,7,128,,,,"shale outcrop",,,,,,"Flower and fruit",,,,,,USA,Colorado,Boulder,,"7 miles E of Lafayetter on Brighton Road",,40.062753,-105.280647,,5000,"13N 0476066E 4434760N",,,"Terrain Navigator",,"Certainty code: 5",1698,,,,,"5570 FT",,,,"2018-04-10 15:54:01",http://creativecommons.org/publicdomain/zero/1.0/,"Public Domain","Public Domain",urn:uuid:a4dd3372-7202-4747-9859-5dfce215241d,http://swbiodiversity.org/seinet/collections/individual/index.php?occid=3040630
3041579,DBG,KHD,,ca77be98-2a59-4aa9-bfc1-5ea615f2e6b7,PreservedSpecimen,39d160d1-57e0-4184-9447-46f80dc89b02,KHD00030067,22102,Plantae,Magnoliophyta,,Brassicales,BRASSICACEAE,"Physaria bellii",44662,G.A.Mulligan,Physaria,bellii,,,,,,,,,,"Sarah Wynn",,1983-05-10,1983,5,10,130,,,,,,,,,,"Flower and fruit",,,,,,USA,Colorado,Boulder,,"7 mile fold north of Boulder",,40.143125,-105.28201,,1000,"13N 0475978E 4443681N",,,"Terrain Navigator",,"Certainty code: 4",1724,,,,,"5655 FT ca",,,,"2018-04-10 15:54:01",http://creativecommons.org/publicdomain/zero/1.0/,"Public Domain","Public Domain",urn:uuid:39d160d1-57e0-4184-9447-46f80dc89b02,http://swbiodiversity.org/seinet/collections/individual/index.php?occid=3041579
3043811,DBG,KHD,,ca77be98-2a59-4aa9-bfc1-5ea615f2e6b7,PreservedSpecimen,1164749b-1d3a-4932-a417-9ae22e393808,KHD00030066,25401,Plantae,Magnoliophyta,,Brassicales,BRASSICACEAE,"Physaria bellii",44662,G.A.Mulligan,Physaria,bellii,,,,,,,,,,"Berta Anderson",890,1977-04-21,1977,4,21,111,,,plentiful,"shale outcropping",,,,,,Flower,,,,,,USA,Colorado,Boulder,,"Plentiful on shale outcropping along Foothills Road just north of Boulder",,40.101132,-105.281813,,10000,"13N 0475980E 4439020N",,,"Terrain Navigator",,"Certainty code: 6",1646,,,,,"5400 FT",,,,"2018-04-10 15:54:01",http://creativecommons.org/publicdomain/zero/1.0/,"Public Domain","Public Domain",urn:uuid:1164749b-1d3a-4932-a417-9ae22e393808,http://swbiodiversity.org/seinet/collections/individual/index.php?occid=3043811
4013217,UNM,"Vascular Plants",,274317fa-b413-42b6-bb9a-cfe8f2e54962,PreservedSpecimen,5c81025d-eb60-4213-9c0d-33f848bcae9d,UNM0030704,87734,Plantae,Magnoliophyta,,Brassicales,Brassicaceae,"Physaria bellii",44662,G.A.Mulligan,Physaria,bellii,,,"W. Jennings",2006,,,,,,"L.K. Skinkle",130,1950-07-06,1950,7,6,187,,7/6/1950,"Shale bed. Donated as gift from Adams State College, Alamosa, CO.","Shale bed.",,,,,,,,,,,"Sheets - 1","United States",(Colorado),Boulder,,"6 miles North of Boulder.",,,,,,,,,,,,1676,,,,,5500ft,,,,"2006-11-17 19:14:04",http://creativecommons.org/licenses/by-nc/3.0/,,,urn:uuid:5c81025d-eb60-4213-9c0d-33f848bcae9d,http://swbiodiversity.org/seinet/collections/individual/index.php?occid=4013217
5341477,RENO,V,,e17877f2-e68c-45be-aea2-7aaa09fce8be,PreservedSpecimen,2585a834-0249-46ca-89a7-274a7fe98860,18574,"NESH 59980",Plantae,Magnoliophyta,,Brassicales,Brassicaceae,"Physaria bellii",44662,G.A.Mulligan,Physaria,bellii,,,,,,,,,,"R.C. Rollins",7948,1979-05-24,1979,5,24,144,,,"Stems mostly horizontal or decumbent.","Shale of road cut.",,,,,,,,,,,,USA,Colorado,Boulder,,"US Hwy 36, 9 miles S of Lyons.",Lyons,,,,,,,,,,,,,,,,,"Currently in collection",En,,"2012-09-23 00:00:00",http://creativecommons.org/licenses/by-nc/3.0/,,,urn:uuid:2585a834-0249-46ca-89a7-274a7fe98860,http://swbiodiversity.org/seinet/collections/individual/index.php?occid=5341477
6058755,SJNM,,,c8f35b21-bd08-49a4-97a8-4328d4a0e1d9,PreservedSpecimen,9a0388f0-a610-11e3-a341-00ff10703b0e,,51400,Plantae,Magnoliophyta,,Brassicales,Brassicaceae,"Physaria bellii",44662,G.A.Mulligan,Physaria,bellii,,,,,,,,,,"O'Kane, Jr., Steve L.",3755,1996-05-27,1996,5,27,148,,,,,,,,,,,,,,,"Herbarium specimen","United States",Colorado,"Boulder County",,"Along Highway 36 between Boulder and Lyons",,40.1647222,-105.2688889,,,,,,,,,,,,,,,,,,"2018-09-13 19:35:38",http://creativecommons.org/licenses/by-nc/3.0/,,,urn:uuid:e5581169-4d88-42ba-8a15-70c8d9479f4b,http://swbiodiversity.org/seinet/collections/individual/index.php?occid=6058755
11988387,CM,,,a3883acd-bc7d-40f2-a6e4-372a3435e5d1,PreservedSpecimen,E6347308-617B-4521-B23C-CCFFC507DE6D,CM276506,,Plantae,Magnoliophyta,,Brassicales,Brassicaceae,"Physaria bellii",44662,G.A.Mulligan,Physaria,bellii,,,,,,,,,,"Lanham, U.",s.n.,1980-06-08,1980,6,8,160,,"8 Jun 1980",,"Niobrara shale ridge",,,,,,"fl,fr",,,,,,"United States",Colorado,Larimer,,"12 mi N of Fort Collins",,40.75917,-105.084423,WGS84,22921,",","David Newbury",,GEOLocate,,,,,,,,,,,,"2005-04-04 00:00:00",http://creativecommons.org/publicdomain/zero/1.0/,"Carnegie Museum of Natural History",,urn:uuid:96c1bfa9-42f9-404d-b1dd-484419d38e75,http://swbiodiversity.org/seinet/collections/individual/index.php?occid=11988387
11990085,CM,,,a3883acd-bc7d-40f2-a6e4-372a3435e5d1,PreservedSpecimen,0C5089EE-FBEA-4AA7-BEC1-35BD07627D23,CM289514,,Plantae,Magnoliophyta,,Brassicales,Brassicaceae,"Physaria bellii",44662,G.A.Mulligan,Physaria,bellii,,,,,,,,,,"Stromberg, M.",s.n.,1983-06-16,1983,6,16,167,,"16 Jun 1983",,"shale cut in Hwy 36, on steep road-cut facing E",,,,,,fr,,,,,,"United States",Colorado,Boulder,,"6 Mile Fold, N of Boulder at Beech Aircraft plant",,,,,,",",,,,,,,,,,,,,,,"2005-04-04 00:00:00",http://creativecommons.org/publicdomain/zero/1.0/,"Carnegie Museum of Natural History",,urn:uuid:581848ff-da8c-43b5-9e31-1faa15f82be2,http://swbiodiversity.org/seinet/collections/individual/index.php?occid=11990085
13095403,RM,,,ee7a5f18-f9b4-4c78-b36e-3763a5852c46,PreservedSpecimen,,210948,"Barcode: COLO00405407",Plantae,Magnoliophyta,,Brassicales,Brassicaceae,"Physaria bellii",44662,G.A.Mulligan,Physaria,bellii,,,,,,,,,"Isotype for <i>Physaria</i> <i>bellii</i> G. A. Mulligan. Canad. J. Bot. 44:1662. 1966.","G. A. Mulligan, C. Crompton",2898,1964-08-24,1964,8,24,237,,1964-8-24,"2n = 8 on plants grown from seed taken from this collection; G.A. Mulligan 1965.","Very common on dry loose shale washes.",,,,,,fruiting,,,,,,U.S.A.,Colorado,Boulder,,"4½ mi. N of Boulder.",,,,,,,,,,,,1745,,,,,"5725 ft.",,English,,"2018-05-10 23:02:02",http://creativecommons.org/licenses/by-nc/3.0/,,,urn:uuid:c9486d6d-9ca1-40f1-a983-4702890a667a,http://swbiodiversity.org/seinet/collections/individual/index.php?occid=13095403
13848635,COLO,V,,f5da8b4f-e389-4436-b71d-1c3e0a4baacc,PreservedSpecimen,8ebbc037-c5e9-4141-aff4-e1f87c987c3a,00201293,442931,Plantae,Magnoliophyta,,Brassicales,BRASSICACEAE,"Physaria bellii",44662,G.A.Mulligan,Physaria,bellii,,,,,,,,,,"W.F. Jennings",89-2,1989-05-18,1989,5,18,138,,"18 May 1989",,"Outcrops of Niobrara shales, fairly common but not abundant.",,,,,,"Flr & Frt",,,,,,"United States",Colorado,Larimer,,"Carter Lake Road, N side of road opposite entrance to subdivision.",,40.3141544,-105.1755443,WGS84,1000,"T4N R70W SEC13","Leslie Johnson",Mapstedi,,,"The UTM used is N of County Road 8 according to mapquest.com in T4N, R70W, S13. LJ OK. RA",,,,,,,,,"Access DB","2015-07-29 15:27:13",http://creativecommons.org/licenses/by-nc/3.0/,,,urn:uuid:42872ce7-6211-4c84-8af4-ccfeb1b8354a,http://swbiodiversity.org/seinet/collections/individual/index.php?occid=13848635
13848636,COLO,V,,f5da8b4f-e389-4436-b71d-1c3e0a4baacc,PreservedSpecimen,7b30d090-e9e3-4dd2-8c53-086e5d9a29fb,00201301,393526,Plantae,Magnoliophyta,,Brassicales,BRASSICACEAE,"Physaria bellii",44662,G.A.Mulligan,Physaria,bellii,,,,,,,,,,"Mark Stromberg",sn,1983-05-08,1983,5,8,128,,"08 May 1983",,"On red, eroded E-facing sedimentary beds.",,,,,,Flr,,,,,,"United States",Colorado,Larimer,,"1-2 mi N of Masonville.",,,,,,,,,,,,,,,,,,,,"Access DB","2015-07-29 15:27:13",http://creativecommons.org/licenses/by-nc/3.0/,,,urn:uuid:b65bbf33-263b-4eed-9839-f78190e9e5a3,http://swbiodiversity.org/seinet/collections/individual/index.php?occid=13848636
13848637,COLO,V,,f5da8b4f-e389-4436-b71d-1c3e0a4baacc,PreservedSpecimen,e1e978ac-0a25-409d-98bc-fa517e3c670a,00201319,466035,Plantae,Magnoliophyta,,Brassicales,BRASSICACEAE,"Physaria bellii",44662,G.A.Mulligan,Physaria,bellii,,,,,,,,,,"Dina Clark",589,1996-07-26,1996,7,26,208,,"26 July 1996","Masonville Quad.","W-facing sandstone slope; growing under Cercocarpus montanus with Aristida purpurea and Lesquerella sp.",,,,,,Veg,,,,,,"United States",Colorado,Larimer,,"Ranchland S of Horsetooth Reservoir.",,40.4907747,-105.1673038,WGS84,500,"T6N R69W SEC18 NW¼","Todd Fielder",Mapstedi,,,"I placed point in given TRS and decreased cv to 3. TF",,,,,,,,,"Access DB","2015-07-29 15:27:13",http://creativecommons.org/licenses/by-nc/3.0/,,,urn:uuid:cfc6f1aa-f773-4363-9a75-d874cb5cc5c4,http://swbiodiversity.org/seinet/collections/individual/index.php?occid=13848637
13848638,COLO,V,,f5da8b4f-e389-4436-b71d-1c3e0a4baacc,PreservedSpecimen,ff60fdd8-4601-4342-962f-055c0e0a2291,00201327,466019,Plantae,Magnoliophyta,,Brassicales,BRASSICACEAE,"Physaria bellii",44662,G.A.Mulligan,Physaria,bellii,,,,,,,,,,"Dina Clark; K. Fayette",598,1996-08-19,1996,8,19,232,,"19 August 1996","Carter Lake Reservoir quad.","Niobrara Shale outcrop with Eriogonum brevicaule; abundant.",,,,,,Veg,,,,,,"United States",Colorado,Larimer,,"Niobrara Shale outcrop located on the east side of 27E Road.",,40.28292,-105.197239,WGS84,1000,"T4N R70W SEC26 E½","Leslie Johnson",Mapstedi,,,"The UTM used is the midpoint (0.51 miles) along County Road 27E in T4N, R70W, S26. LJ",,,,,,,,,"Access DB","2015-07-29 15:27:13",http://creativecommons.org/licenses/by-nc/3.0/,,,urn:uuid:7c6968e0-a542-4f16-b157-2ddf7fe2cb33,http://swbiodiversity.org/seinet/collections/individual/index.php?occid=13848638
13848639,COLO,V,,f5da8b4f-e389-4436-b71d-1c3e0a4baacc,PreservedSpecimen,ab424a95-6ed4-4807-9b22-726aee376899,00201335,436778,Plantae,Magnoliophyta,,Brassicales,BRASSICACEAE,"Physaria bellii",44662,G.A.Mulligan,Physaria,bellii,,,,,,,,,,"William Jennings",88-6,1988-05-04,1988,5,4,125,,"04 May 1988",,"Niobrara shale outcrop.",,,,,,Flr,,,,,,"United States",Colorado,Larimer,,"N side of country road on Niobrara shale outcrop just E of Park Creek and W of Reservoir 15 just off highway right-of-way.",,40.7750675,-105.1261778,WGS84,500,"T9N R69W SEC4 NE¼ of SW¼","Leslie Johnson",Mapstedi,,,"Park Creek and Road 72 intersect at UTME 489045 UTMN 4513371 and the gnis UTM for North Poudre Reservoir Number 15 is 0.5 miles NE of this intersection. UTM used is the midpoint (0.25 miles) between Park Creek/Road 72 intersection and North Poudre Reserv",,,,,,,,,"Access DB","2015-07-29 15:27:13",http://creativecommons.org/licenses/by-nc/3.0/,,,urn:uuid:abe3dcd4-0769-4992-a9f3-c2e7f8780226,http://swbiodiversity.org/seinet/collections/individual/index.php?occid=13848639
13848640,COLO,V,,f5da8b4f-e389-4436-b71d-1c3e0a4baacc,PreservedSpecimen,f4dc6813-45ca-414c-8a0a-88574670b40e,00201343,453003,Plantae,Magnoliophyta,,Brassicales,BRASSICACEAE,"Physaria bellii",44662,G.A.Mulligan,Physaria,bellii,,,,,,,,,,"C.A. Pague; K.E. Pague",sn,1992-04-26,1992,4,26,117,,"26 April 1992",,"On W-facing road cut of Niobrara Shale.",,,,,,"Flr & Frt",,,,,,"United States",Colorado,Boulder,,"Junction of US 36 and Neva Road.",,40.105067,-105.2818282,WGS84,1000,,"Ryan Allen",Mapstedi,,,"I plotted the UTM between Neva Road and the Foothills Highway on a west slope. RA",,,,,,,,,"Access DB","2015-07-29 15:27:13",http://creativecommons.org/licenses/by-nc/3.0/,,,urn:uuid:93b94ebe-d051-45b5-be7d-55e886225e1a,http://swbiodiversity.org/seinet/collections/individual/index.php?occid=13848640
13848641,COLO,V,,f5da8b4f-e389-4436-b71d-1c3e0a4baacc,PreservedSpecimen,ba8f665e-d5b7-40b3-aebd-41267795ba31,00201350,28665,Plantae,Magnoliophyta,,Brassicales,BRASSICACEAE,"Physaria bellii",44662,G.A.Mulligan,Physaria,bellii,,,,,,,,,,"W. A. Weber",3372,1947-05-22,1947,5,22,142,,"22 May 1947","Physaria bellii Mulligan, det. G.A. Mulligan, Dec. 1966. Original ID as Physaria australis (Payson) Rollins. Later collection of No. 3270.","SE-facing shale slope.",,,,,,"Flr & Frt",,,,,,"United States",Colorado,Boulder,,"Four-Mile Mesa, 4 mi N of Boulder.",,40.0728839,-105.270496,WGS84,5000,,"Ryan Allen",Mapstedi,,,"I plotted the UTM 4 miles north of the GNIS point for Boulder. RA",,,,,,,,,"Access DB","2018-04-10 13:53:19",http://creativecommons.org/licenses/by-nc/3.0/,,,urn:uuid:0419eab7-3a7e-4129-9567-b5c407831408,http://swbiodiversity.org/seinet/collections/individual/index.php?occid=13848641
13848642,COLO,V,,f5da8b4f-e389-4436-b71d-1c3e0a4baacc,PreservedSpecimen,c85d703a-c542-47e8-a4a8-08f7d41cf423,00201368,341078,Plantae,Magnoliophyta,,Brassicales,BRASSICACEAE,"Physaria bellii",44662,G.A.Mulligan,Physaria,bellii,,,,,,,,,,"Url Lanham",sn,1980-06-08,1980,6,8,160,,"08 June 1980",,"Niobrara shale ridge.",,,,,,"Flr & Frt",,,,,,"United States",Colorado,Larimer,,"Niobrara shale ridge 12 mi N of Fort Collins.",,,,,,,,,,,,,,,,,,,,"Access DB","2015-07-29 15:27:13",http://creativecommons.org/licenses/by-nc/3.0/,,,urn:uuid:fe66c5ef-f258-4ff5-aab3-263ece16e4a2,http://swbiodiversity.org/seinet/collections/individual/index.php?occid=13848642
13848643,COLO,V,,f5da8b4f-e389-4436-b71d-1c3e0a4baacc,PreservedSpecimen,626597c5-4629-40e2-999a-b4b26cb55766,00201376,442930,Plantae,Magnoliophyta,,Brassicales,BRASSICACEAE,"Physaria bellii",44662,G.A.Mulligan,Physaria,bellii,,,,,,,,,,"W.F. Jennings",89-3,1989-05-21,1989,5,21,141,,"21 May 1989","Populations evidently doomed by new development.","Niobrara shales.",,,,,,"Flr & Frt",,,,,,"United States",Colorado,Larimer,,"Also T6N R69W SEC4. Westridge Ranch subdivision, just E of Horsetooth Reservoir road, SW edge of Fort Collins.",,40.5234599,-105.1322737,WGS84,5000,"T7N R69W SEC33","Todd Fielder",Mapstedi,,,"In keeping consistent with previous methodologies, I placed point on border of sec 4/33 to include both sections. Piont on E side to be closer to reservoir, and cv 5. TF",,,,,,,,,"Access DB","2015-07-29 15:27:13",http://creativecommons.org/licenses/by-nc/3.0/,,,urn:uuid:2807eb81-8fc7-41a2-a73a-c92932aef052,http://swbiodiversity.org/seinet/collections/individual/index.php?occid=13848643
13848644,COLO,V,,f5da8b4f-e389-4436-b71d-1c3e0a4baacc,PreservedSpecimen,469e0737-18a7-44b4-bc52-0d4a1ac6864b,00201384,390127,Plantae,Magnoliophyta,,Brassicales,BRASSICACEAE,"Physaria bellii",44662,G.A.Mulligan,Physaria,bellii,,,,,,,,,,"R. Popp",sn,1983-06-29,1983,6,29,180,,"29 June 1983","Corolla yellow.","Locally common on gravelly soil and sandstone with Cercocarpus and Oryzopsis.",,,,,,Frt,,,,,,"United States",Colorado,Larimer,,"Along Hwy 186, 2 miles N of Masonville.",,40.5012203,-105.1990297,WGS84,1000,"T6N R70W SEC11 SE¼ of NW¼","Todd Fielder",Mapstedi,,,"I could not find a Hwy 186, the rd in this sec is 38E. I put point near center of rd in TRS given. This did not match 1/4 sec info, so I left cv at 4. TF According to http://www.mesalek.com/colo/r180-199.html 186 runs from US34 to US287 via Masonville.",1707,,,,,"5600 ft, 1707 m",,,"Access DB","2015-07-29 15:27:13",http://creativecommons.org/licenses/by-nc/3.0/,,,urn:uuid:4c272f80-5322-4008-981f-714816bcbc0c,http://swbiodiversity.org/seinet/collections/individual/index.php?occid=13848644
13848645,COLO,V,,f5da8b4f-e389-4436-b71d-1c3e0a4baacc,PreservedSpecimen,b19b6ef3-815d-43db-9eac-3524b3f9d752,00201392,436789,Plantae,Magnoliophyta,,Brassicales,BRASSICACEAE,"Physaria bellii",44662,G.A.Mulligan,Physaria,bellii,,,,,,,,,,"James Borland",sn,1988-05-12,1988,5,12,133,,"12 May 1988",,"Road cut.",,,,,,"Flr & Frt",,,,,,"United States",Colorado,Jefferson,,"On north road cut as Deer Creek Canyon road enters the canyon.",,,,,,,,,,,,,,,,,,,,"Access DB","2015-07-29 15:27:13",http://creativecommons.org/licenses/by-nc/3.0/,,,urn:uuid:d5accab4-4c58-40d7-9695-c1df5b5f237c,http://swbiodiversity.org/seinet/collections/individual/index.php?occid=13848645
13848646,COLO,V,,f5da8b4f-e389-4436-b71d-1c3e0a4baacc,PreservedSpecimen,aa652180-7e73-400d-a1de-565d5beb221c,00201400,436797,Plantae,Magnoliophyta,,Brassicales,BRASSICACEAE,"Physaria bellii",44662,G.A.Mulligan,Physaria,bellii,,,,,,,,,,"James Borland",sn,1988-06-22,1988,6,22,174,,"22 June 1988",,"On limestone/shale outcrop.",,,,,,Frt,,,,,,"United States",Colorado,Jefferson,,"100 ft. S of junction of West Ute Ave. and Owens Street, west side of road.",,,,,,,,,,,,,,,,,,,,"Access DB","2015-07-29 15:27:13",http://creativecommons.org/licenses/by-nc/3.0/,,,urn:uuid:22322164-3949-413e-8ab0-25a74814379d,http://swbiodiversity.org/seinet/collections/individual/index.php?occid=13848646
13848647,COLO,V,,f5da8b4f-e389-4436-b71d-1c3e0a4baacc,PreservedSpecimen,3a762b2e-4154-4d70-8335-d566a671828a,00201418,451090,Plantae,Magnoliophyta,,Brassicales,BRASSICACEAE,"Physaria bellii",44662,G.A.Mulligan,Physaria,bellii,,,,,,,,,,"Mark Duff",2,1992-07-01,1992,7,1,183,,"01 July 1992",,"On a shale ridge that faces W. Dry, open gravel like soil. Ass. sp. Cercocarpus.",,,,,,Frt,,,,,,"United States",Colorado,Jefferson,,"100 m E off Hwy 470. 1.5 miles N of Ken Caryl Rd.",,39.5950935,-105.1506294,WGS84,1000,"T5S R69W SEC29, 30, 19","Ryan Allen",Mapstedi,,,"I plotted the UTM 100m east of Highway 470 along the section line between sections 19 and 30. RA",,,,,,,,,"Access DB","2015-07-29 15:27:13",http://creativecommons.org/licenses/by-nc/3.0/,,,urn:uuid:5ceabbd9-1ecd-40f2-a3e9-f89e898dead3,http://swbiodiversity.org/seinet/collections/individual/index.php?occid=13848647
13848648,COLO,V,,f5da8b4f-e389-4436-b71d-1c3e0a4baacc,PreservedSpecimen,0dd28e14-9c74-4049-8ab2-1c89f92df4cc,00201426,442932,Plantae,Magnoliophyta,,Brassicales,BRASSICACEAE,"Physaria bellii",44662,G.A.Mulligan,Physaria,bellii,,,,,,,,,,"W.F. Jennings",89-1,1989-05-18,1989,5,18,138,,"18 May 1989",,"Roadside and black shale outcrops, Niobrara Formation. Many seedlings seen on shale.",,,,,,"Flr & Frt",,,,,,"United States",Colorado,Boulder,,"0.5 mi S of St. Vrain Road, west side of gravel road.",,40.1669893,-105.2292358,WGS84,1000,"T2N R70W SEC4","Amanda Cook",Mapstedi,,,"Plotted point in given TRS, .5 mi south of St. vrain road and west of a gravel road. AC Good. RA",,,,,,,,,"Access DB","2015-07-29 15:27:13",http://creativecommons.org/licenses/by-nc/3.0/,,,urn:uuid:365a7ed1-12fe-46e3-81d7-d1e23b544cfe,http://swbiodiversity.org/seinet/collections/individual/index.php?occid=13848648
13848649,COLO,V,,f5da8b4f-e389-4436-b71d-1c3e0a4baacc,PreservedSpecimen,0efee140-1e84-47f7-8f29-84312c25a9ba,00201434,13820,Plantae,Magnoliophyta,,Brassicales,BRASSICACEAE,"Physaria bellii",44662,G.A.Mulligan,Physaria,bellii,,,,,,,,,,"Francis Ramaley",2743,1907-06-14,1907,6,14,165,,"14 June 1907","Physaria vitulifera, det. W.A. Weber, 194?. Original ID as Physaria acutifolia Rydb. ""=P. bellii"" written above label.",,,,,,,"Flr & Frt",,,,,,"United States",Colorado,Larimer,,"Lower Box Elder Canyon.",,,,,,,,,,,,,,,,,,,,"Access DB","2015-07-29 15:27:13",http://creativecommons.org/licenses/by-nc/3.0/,,,urn:uuid:21336cf2-63a4-40f5-b1f5-7d3b1ffc616b,http://swbiodiversity.org/seinet/collections/individual/index.php?occid=13848649
13848650,COLO,V,,f5da8b4f-e389-4436-b71d-1c3e0a4baacc,PreservedSpecimen,0738f6cd-889c-4a7f-b4e5-d33a2275083f,00201442,341079,Plantae,Magnoliophyta,,Brassicales,BRASSICACEAE,"Physaria bellii",44662,G.A.Mulligan,Physaria,bellii,,,,,,,,,,"Peter Robinson",sn,1980-05-25,1980,5,25,146,,"25 May 1980",,"Niobrara shale formation.",,,,,,"Flr & Frt",,,,,,"United States",Colorado,Larimer,,"Niobrara shale formation where it crosses Carter Lake Road, 7 mi SW of Loveland.",,,,,,,,,,,,,,,,,,,,"Access DB","2015-07-29 15:27:13",http://creativecommons.org/licenses/by-nc/3.0/,,,urn:uuid:4c11573e-8678-4afe-a718-762d085f0919,http://swbiodiversity.org/seinet/collections/individual/index.php?occid=13848650
13848651,COLO,V,,f5da8b4f-e389-4436-b71d-1c3e0a4baacc,PreservedSpecimen,642dc051-64e8-4264-99d7-a447e49e843b,00201459,322222,Plantae,Magnoliophyta,,Brassicales,BRASSICACEAE,"Physaria bellii",44662,G.A.Mulligan,Physaria,bellii,,,,,,,,,,"G. E. Osterhout",5616,1917-06-25,1917,6,25,176,,"25 June 1917","Original ID as Physaria didymocarpa (Hook.) Gray. Typed note above label says, "" Physaria bellii"".",,,,,,,Frt,,,,,,"United States",Colorado,Larimer,,"Fossil Creek.",,,,,,,,,,,,,,,,,,,,"Access DB","2015-08-10 12:59:34",http://creativecommons.org/licenses/by-nc/3.0/,,,urn:uuid:05513d4b-e71a-47a3-bf3d-e3f8c65ab958,http://swbiodiversity.org/seinet/collections/individual/index.php?occid=13848651
13848652,COLO,V,,f5da8b4f-e389-4436-b71d-1c3e0a4baacc,PreservedSpecimen,2510dbd3-01b1-467a-992d-d1d8cdfcaabd,00201467,454275,Plantae,Magnoliophyta,,Brassicales,BRASSICACEAE,"Physaria bellii",44662,G.A.Mulligan,Physaria,bellii,,,,,,,,,,"Steve Kettler",94-5,1994-05-18,1994,5,18,138,,"18 May 1994",,"Niobrara shale with Cercocarpus montanus.",,,,,,"Flr & Frt",,,,,,"United States",Colorado,Larimer,,"Near Park Creek Reservoir #2 on Niobrara shale.",,40.8202617,-105.1441451,WGS84,1000,"T10N R69W","Leslie Johnson",Mapstedi,,,"Used the gnis UTM for Park Creek Reservoir which is Park Creek Reservoir #2 in T10N, R69W, S20. LJ",,,,,,,,,"Access DB","2015-07-29 15:27:13",http://creativecommons.org/licenses/by-nc/3.0/,,,urn:uuid:5785ad9e-3342-4b85-a2f8-e53fb88ae214,http://swbiodiversity.org/seinet/collections/individual/index.php?occid=13848652
13848653,COLO,V,,f5da8b4f-e389-4436-b71d-1c3e0a4baacc,PreservedSpecimen,a3a59ada-eec6-4580-ba29-125dfb72b8b3,00201475,245062,Plantae,Magnoliophyta,,Brassicales,BRASSICACEAE,"Physaria bellii",44662,G.A.Mulligan,Physaria,bellii,,,,,,,,,,"D.L. Denham; M.L. Denham",1315,1967-04-16,1967,4,16,106,,"16 April 1967",,"Common on but almost restricted to shale exposures.",,,,,,"Flr & Frt",,,,,,"United States",Colorado,Boulder,,"Shale exposures along foothills N of Boulder.",,40.105004,-105.2817693,WGS84,5000,,"Ryan Allen",Mapstedi,,,"I plotted the UTM at some roadside shale at Neva Road along the Foothills Highway north of Boulder. RA",1740,,,,,"5708 ft, 1740 m",,,"Access DB","2015-07-29 15:27:13",http://creativecommons.org/licenses/by-nc/3.0/,,,urn:uuid:9ef3dbec-8426-469c-a28c-741a592238a7,http://swbiodiversity.org/seinet/collections/individual/index.php?occid=13848653
13848654,COLO,V,,f5da8b4f-e389-4436-b71d-1c3e0a4baacc,PreservedSpecimen,8b797096-9ac2-40fb-a8e8-15c80c49e6b0,00201483,28757,Plantae,Magnoliophyta,,Brassicales,BRASSICACEAE,"Physaria bellii",44662,G.A.Mulligan,Physaria,bellii,,,,,,,,,,"W. A. Weber",3270,1947-04-10,1947,4,10,100,,"10 April 1947","Physaria bellii Mulligan, det. G.A. Mulligan, Dec. 1966. Original ID as Physaria australis (Payson) Rollins.","On weathered shale in dry washes, S-facing slopes.",,,,,,Flr,,,,,,"United States",Colorado,Boulder,,"Four Mile Mesa.",,40.0787516,-105.2363534,WGS84,1000,"T1N R70W SEC4","Amanda Cook",Mapstedi,,,"I plotted point in given TRS. I could not locate Four Mile Mesa in the section, so I put the point in the center of the section. AC There is a trail called mesa trail that connects to this trail that I have mountain biked. I moved the UTM slightly to",,,,,,,,,"Access DB","2018-04-10 13:53:19",http://creativecommons.org/licenses/by-nc/3.0/,,,urn:uuid:5e483ff1-4121-4a87-8dc4-b1864f746fbf,http://swbiodiversity.org/seinet/collections/individual/index.php?occid=13848654
13848655,COLO,V,,f5da8b4f-e389-4436-b71d-1c3e0a4baacc,PreservedSpecimen,e3853f73-2876-4b9a-831c-6f0217a7974f,00201491,379529,Plantae,Magnoliophyta,,Brassicales,BRASSICACEAE,"Physaria bellii",44662,G.A.Mulligan,Physaria,bellii,,,,,,,,,,"Reed C. Rollins",7948,1979-05-24,1979,5,24,144,,"24 May 1979","Stems mostly horizontal or decumbent.","Shale of road cut.",,,,,,"Flr & Frt",,,,,,"United States",Colorado,Boulder,,"U.S. Hwy. 36, 9 miles S of Lyons.",,40.1118597,-105.2820908,WGS84,1000,,"Ryan Allen",Mapstedi,,,"I plotted the UTM 9 miles south of Lyons on HWY 36. RA",,,,,,,,,"Access DB","2015-07-29 15:27:13",http://creativecommons.org/licenses/by-nc/3.0/,,,urn:uuid:b3f5e8c7-efea-4b11-8a70-2cc0a43bd51c,http://swbiodiversity.org/seinet/collections/individual/index.php?occid=13848655
13848656,COLO,V,,f5da8b4f-e389-4436-b71d-1c3e0a4baacc,PreservedSpecimen,e225aa1d-8ea1-4ece-9c13-f013093280e8,00201509,459970,Plantae,Magnoliophyta,,Brassicales,BRASSICACEAE,"Physaria bellii",44662,G.A.Mulligan,Physaria,bellii,,,,,,,,,,"Kim Fayette",KF96-08a,1996-09-11,1996,9,11,255,,"11 September 1996","Horsetooth Res. Quad.","On sandstone with Juniperus, Cercocarpus, Purshia, Artemisia, Oryzopsis, and Aristida.",,,,,,Veg,,,,,,"United States",Colorado,Larimer,,"West side of Rd 25E.",,40.5190383,-105.1894609,WGS84,5000,"T6N R70W SEC1","Todd Fielder",Mapstedi,,,"Rd. 38E goes through sec 1, rd 25E is in sec 2. I placed point on W side of rd 38E, in sec 1. I increased cv to 5 to include W side of rd 25E in sec 2. TF Good. RA",1768,,,,,"5800 ft, 1768 m",,,"Access DB","2015-07-29 15:27:13",http://creativecommons.org/licenses/by-nc/3.0/,,,urn:uuid:864a8d47-1c9c-4643-b01c-146de97655ca,http://swbiodiversity.org/seinet/collections/individual/index.php?occid=13848656
13848657,COLO,V,,f5da8b4f-e389-4436-b71d-1c3e0a4baacc,PreservedSpecimen,be469504-4c71-47c9-bbd3-c4e40c5e9c05,00201517,459969,Plantae,Magnoliophyta,,Brassicales,BRASSICACEAE,"Physaria bellii",44662,G.A.Mulligan,Physaria,bellii,,,,,,,,,,"Kim Fayette",KF96-08b,1996-09-11,1996,9,11,255,,"11 September 1996","Horsetooth Res Quad.","On sandstone with Juniperus, Cercocarpus, Purshia, Artemisia, Oryzopsis, and Aristida.",,,,,,Veg,,,,,,"United States",Colorado,Larimer,,"Milner Mountain Ranches.",,40.5151312,-105.1820368,WGS84,1000,"T6N R70W SEC1","Todd Fielder",Mapstedi,,,"I placed point in center of sec 1. I could not confirm the structures here were the Milner Mountain Ranches, but I could confirm that Milner owned some nearby land. TF",1768,,,,,"5800 ft, 1768 m",,,"Access DB","2015-07-29 15:27:13",http://creativecommons.org/licenses/by-nc/3.0/,,,urn:uuid:d8f077c6-572e-4bb7-b760-df73d52a9f24,http://swbiodiversity.org/seinet/collections/individual/index.php?occid=13848657
13848658,COLO,V,,f5da8b4f-e389-4436-b71d-1c3e0a4baacc,PreservedSpecimen,eaa2495a-d35f-46d8-adb4-990fc4798f36,00201525,459973,Plantae,Magnoliophyta,,Brassicales,BRASSICACEAE,"Physaria bellii",44662,G.A.Mulligan,Physaria,bellii,,,,,,,,,,"Susan Spackman",SS-96-49,1996-08-01,1996,8,1,214,,"01 August 1996","Carter Lake Quad.","Red sandstone outcrop with Cercocarpus montanus.",,,,,,Veg,,,,,,"United States",Colorado,Larimer,,"Meadow Hollow.",,40.2671985,-105.2174935,WGS84,1000,"T4N R70W SEC34","Leslie Johnson",Mapstedi,,,"Used the gnis UTM for Meadow Hollow. LJ",1646,,,,,"5400 ft, 1646 m",,,"Access DB","2015-07-29 15:27:13",http://creativecommons.org/licenses/by-nc/3.0/,,,urn:uuid:0df1a688-4ea7-448b-b5ef-447be91a9cc3,http://swbiodiversity.org/seinet/collections/individual/index.php?occid=13848658
13848659,COLO,V,,f5da8b4f-e389-4436-b71d-1c3e0a4baacc,PreservedSpecimen,1743dd35-4c3b-4bc4-b1be-75e3038c2b4b,00201533,459972,Plantae,Magnoliophyta,,Brassicales,BRASSICACEAE,"Physaria bellii",44662,G.A.Mulligan,Physaria,bellii,,,,,,,,,,"Susan Spackman",SS-96-71,1996-09-09,1996,9,9,253,,"09 September 1996","Horsetooth Res Quad.","Deep red sand adjacent to red sandstone outcrops containing lenses of white rock. Associated species include Cercocarpus montanus, Artemisia frigida, Heterotheca villosa.",,,,,,Veg,,,,,,"United States",Colorado,Larimer,,"On Redstone Canyon Road (38E). From the junction with Road 25E drive 2.3 miles.",,40.5233,-105.1778204,WGS84,1000,"T6N R70W & T7N R70W","Todd Fielder",Mapstedi,,,"I followed rd 1.8 mi to border of T6/7N. If I followed rd further, point would be indifferent R. TF",1737,,,,,"5700 ft, 1737 m",,,"Access DB","2015-07-29 15:27:13",http://creativecommons.org/licenses/by-nc/3.0/,,,urn:uuid:f569cac1-22a2-40b6-a174-b67c7da8c886,http://swbiodiversity.org/seinet/collections/individual/index.php?occid=13848659
13848660,COLO,V,,f5da8b4f-e389-4436-b71d-1c3e0a4baacc,PreservedSpecimen,38000f20-0f54-4c1b-8476-e4d8c04adeba,00201541,459971,Plantae,Magnoliophyta,,Brassicales,BRASSICACEAE,"Physaria bellii",44662,G.A.Mulligan,Physaria,bellii,,,,,,,,,,"Susan Spackman",SS-96-70,1996-09-16,1996,9,16,260,,"16 September 1996","Horsetooth Res Quad.","Deep red sand adjacent to red sandstone outcrops containing lenses of white rock. Associated species include Cercocarpus montanus, Artemisia frigida, Heterotheca villosa.",,,,,,Veg,,,,,,"United States",Colorado,Larimer,,"On Redstone Canyon Road (38E). From the junction with Road 52E there are plants at 1, 2.3, 3, 3.3, 3.4, 3.6, 3.7, and 4.1 miles.",,40.5233,-105.1778204,WGS84,5000,"T6N R70W and T7N R70W","Todd Fielder",Mapstedi,,,"This should be 25E, not 52E. I placed point at intersection of 6/7N on rd 38E. I traced N because the rd. does not go far enough in S direction, and does not go into T7N. I increased cv to 5 to include entire area. TF Good. RA",1737,,,,,"5700 ft, 1737 m",,,"Access DB","2015-07-29 15:27:13",http://creativecommons.org/licenses/by-nc/3.0/,,,urn:uuid:7aa30478-fc6e-4665-ab37-8c21cf4cceab,http://swbiodiversity.org/seinet/collections/individual/index.php?occid=13848660
13848671,COLO,V,,f5da8b4f-e389-4436-b71d-1c3e0a4baacc,PreservedSpecimen,116e494b-f2f9-417f-8f4a-e6b4bc2a3bf9,00201657,496127,Plantae,Magnoliophyta,,Brassicales,BRASSICACEAE,"Physaria bellii",44662,G.A.Mulligan,Physaria,bellii,,,,,,,,,,"Francis Ramaley",1016,1905-05-30,1905,5,30,150,,"30 May 1905","Physaria australis (Payson) Rollins, det. H.D. Harrington, no date. / P. vitulifera Rydberg, det. W.A. Weber, 1947. / Physaria bellii Mulligan ined., det. G.A. Mulligan, June 1966.","On shale.",,,,,,Frt,,,,,,"United States",Colorado,Boulder,,"N of Boulder.",,40.0875158,-105.2705185,WGS84,10000,,"Ryan Allen",Mapstedi,,,"I plotted the UTM 5 miles north of the GNIS point for Boulder and increased the CV to 6 to cover the area north of Boulder. RA",1700,,,,,"5577 ft, 1700 m",,,"Access DB","2015-07-29 15:27:13",http://creativecommons.org/licenses/by-nc/3.0/,,,urn:uuid:6c2b5add-b7bc-40d8-9325-aed4dde18f09,http://swbiodiversity.org/seinet/collections/individual/index.php?occid=13848671
13849452,COLO,V,,f5da8b4f-e389-4436-b71d-1c3e0a4baacc,PreservedSpecimen,e68d813e-97aa-4c38-b724-34ca76ad7bd5,00466276,507880,Plantae,Magnoliophyta,,Brassicales,BRASSICACEAE,"Physaria bellii",44662,G.A.Mulligan,Physaria,bellii,,,,,,,,,,"Christina Arapkiles",sn,1979-07-10,1979,7,10,191,,"10 July 1979",,"Shale hill, along highway.",,,,,,Frt,,,,,,"United States",Colorado,Boulder,,"1/2 mile South Beechcraft on foothills.",,,,,,,,,,,,,,,,,,,,"Access DB","2015-07-29 15:27:13",http://creativecommons.org/licenses/by-nc/3.0/,,,urn:uuid:da7dae5b-2a58-4c5e-a3f6-29afff8a9f48,http://swbiodiversity.org/seinet/collections/individual/index.php?occid=13849452
13849454,COLO,V,,f5da8b4f-e389-4436-b71d-1c3e0a4baacc,PreservedSpecimen,a7e5ee43-da39-4317-90bc-e89af5ca2a03,00466292,507879,Plantae,Magnoliophyta,,Brassicales,BRASSICACEAE,"Physaria bellii",44662,G.A.Mulligan,Physaria,bellii,,,,,,,,,,"Peggy Finucawe",sn,1979-06-22,1979,6,22,173,,"22 June 1979?",,"Shale area.",,,,,,Frt,,,,,,"United States",Colorado,Boulder,,"Foothills Highway, 6 mi. N Boulder.",,40.100391,-105.281762,WGS84,5000,,"Ryan Allen",Mapstedi,,,"I plotted the UTM 6 miles north of Boulder along the Foothills Highway from HWY 119. RA",,,,,,,,,"Access DB","2015-07-29 15:27:13",http://creativecommons.org/licenses/by-nc/3.0/,,,urn:uuid:a7f75039-2ecc-4c4f-8673-b6f4271e44bc,http://swbiodiversity.org/seinet/collections/individual/index.php?occid=13849454
13849577,COLO,V,,f5da8b4f-e389-4436-b71d-1c3e0a4baacc,PreservedSpecimen,aa827840-3a54-4b1f-8fb6-83ab3f865f71,00779645,504796,Plantae,Magnoliophyta,,Brassicales,BRASSICACEAE,"Physaria bellii",44662,G.A.Mulligan,Physaria,bellii,,,,,,,,,,"G. Doyle",GD04-03,2004-05-18,2004,5,18,139,,"18 May 2004","USGS Quadrangle: Masonville. NAD 27. CNHP.","West-facing red sandstone hogback slopes. Ingleside Fm. On sparsely vegetated slopes. With: Cercocarpus montanus, Bouteloua gracilis, Bromus tectorum, Lesquerella montana.",,,,,,Frt,,,,,,"United States",Colorado,Larimer,,"City of Ft. Collins Bobcat Ridge Natural Area. 1 mi. WNW of Masonville.",,,,,,"T6N R70W SEC16 NW¼",,,,,,1715,,,,,"5625 ft",,,"Access DB","2015-07-29 15:27:13",http://creativecommons.org/licenses/by-nc/3.0/,,,urn:uuid:f898333d-8421-46ed-bc24-14bbb95ac8e4,http://swbiodiversity.org/seinet/collections/individual/index.php?occid=13849577
13849872,COLO,V,,f5da8b4f-e389-4436-b71d-1c3e0a4baacc,PreservedSpecimen,5b1d48ee-fc2b-48fb-a046-0a1f2c463362,00940270,537843,Plantae,Magnoliophyta,,Brassicales,BRASSICACEAE,"Physaria bellii",44662,G.A.Mulligan,Physaria,bellii,,,,,,,,,,"Url N. Lanham",sn,1988-06-01,1988,6,1,153,,"01 June 1988",,"Niobrara ridge.",,,,,,Frt,,,,,,"United States",Colorado,Boulder,,"Niobrara ridge north of Boulder near Beech aircraft site.",,,,,,,,,,,,,,,,,,,,"Access DB","2015-07-29 15:27:13",http://creativecommons.org/licenses/by-nc/3.0/,,,urn:uuid:77d133a0-3f28-4910-bf1d-11df8c95da0b,http://swbiodiversity.org/seinet/collections/individual/index.php?occid=13849872
16983239,NCU,,,17f2d0fa-39a6-4465-8055-1d6fc12eeda2,PreservedSpecimen,8a7cf40d-3dfb-4903-b503-47bef9e8a4ee,NCU00000418,448565,Plantae,Magnoliophyta,,Brassicales,Brassicaceae,"Physaria bellii",44662,G.A.Mulligan,Physaria,bellii,,,"Goodman, Geo. J.",1967-00-00,,,,,TOPOTYPE,"Goodman, Geo. J.",7747,1967-05-20,1967,5,20,140,,,"Petals yellow","locally frequent on loose shale",,,,,,,,,,,,"United States",Colorado,Boulder,,"4.5 miles north of Boulder",,,,,,,,,,,,,,,,,,,,ShannaOberreiter,"2017-12-08 13:40:46",http://creativecommons.org/licenses/by-nc/3.0/,,,urn:uuid:8a7cf40d-3dfb-4903-b503-47bef9e8a4ee,http://swbiodiversity.org/seinet/collections/individual/index.php?occid=16983239
17635644,DBG,KHD,,ca77be98-2a59-4aa9-bfc1-5ea615f2e6b7,PreservedSpecimen,522fe29c-55b6-4187-9e81-fc9f4d64ce74,,,Plantae,Magnoliophyta,,Brassicales,Brassicaceae,"Physaria bellii",44662,G.A.Mulligan,Physaria,bellii,,,"Alex Seglias",2017,,,,,,"Alex Seglias; Katherine Fu",22,2017-07-11,2017,7,11,192,,,"Seeds collected","foothills grassland; shale",BoulderOpenSpace_ASeglias_2017,,,,,,,,,,,"United States",Colorado,Boulder,,"Between Olde Stage Road and US Highway 36 (North Foothils Highway) along Foothills Trail",,40.07434,-105.29079,WGS84,,,,,,,,1912,,,,,"1912 m",,,,"2018-02-21 15:29:45",http://creativecommons.org/publicdomain/zero/1.0/,"Public Domain","Public Domain",urn:uuid:522fe29c-55b6-4187-9e81-fc9f4d64ce74,http://swbiodiversity.org/seinet/collections/individual/index.php?occid=17635644
17635645,DBG,KHD,,ca77be98-2a59-4aa9-bfc1-5ea615f2e6b7,PreservedSpecimen,87cab120-299f-4200-82a6-7c0c8e130ffe,,,Plantae,Magnoliophyta,,Brassicales,Brassicaceae,"Physaria bellii",44662,G.A.Mulligan,Physaria,bellii,,,"Alex Seglias",2017,,,,,,"Alex Seglias; Katherine Fu",23,2017-07-11,2017,7,11,192,,,"Seeds collected","foothills grassland; shale",BoulderOpenSpace_ASeglias_2017,,,,,,,,,,,"United States",Colorado,Boulder,,"Beech Open Space, east of Neva Access Road exit off of US 36 (North Foothills Highway).",,40.1011,-105.28,WGS84,,,,,,,,1684,,,,,"1684 m",,,,"2018-02-21 15:29:45",http://creativecommons.org/publicdomain/zero/1.0/,"Public Domain","Public Domain",urn:uuid:87cab120-299f-4200-82a6-7c0c8e130ffe,http://swbiodiversity.org/seinet/collections/individual/index.php?occid=17635645
18291628,MESA,,,ac7b0f18-a698-4d9e-a342-ad715b459e6d,PreservedSpecimen,d236944c-0846-4907-8251-2fc64abad675,MESA05020,"Mesa 1253",Plantae,Magnoliophyta,,Brassicales,BRASSICACEAE,"Physaria bellii",44662,G.A.Mulligan,Physaria,bellii,,,,,,,,,,"D.H. Wilken",12887,1977-05-18,,,,,,"18 May 1977","Corollas yellow","shale outcrop and loose gravelly soil",,,,,,,,,,,,"United States",Colorado,Boulder,,"Along Highway 7, 3 miles north of junction with Highway 119",,40.059281,-105.282095,WGS84,805,,"Michael Yost (2018-09-17 19:31:11)","GBIF Best Practices","georef batch tool 2018-09-17; GeoLocate","reviewed - high confidence","Georeferenced to Highway 7, 3 miles north (as measured along highway) of junction of Highway 7 and Highway 119, with uncertainty radius extending 0.5 miles or ca 805 meters.",1707,1707,,,,"5600 ft",,,stern,"2018-10-30 23:28:20",http://creativecommons.org/publicdomain/zero/1.0/,"Colorado Mesa University",,urn:uuid:d236944c-0846-4907-8251-2fc64abad675,http://swbiodiversity.org/seinet/collections/individual/index.php?occid=18291628
20596572,DBG,KHD,,ca77be98-2a59-4aa9-bfc1-5ea615f2e6b7,PreservedSpecimen,51545f21-811d-4bb0-b6f4-c3441660c6c7,KHD00065887,,Plantae,Magnoliophyta,,Brassicales,Brassicaceae,"Physaria bellii",44662,G.A.Mulligan,Physaria,bellii,,,"Alex Seglias",2017,,,,,,"Alex Seglias; Katherine Fu",22,2017-07-11,,,,,,,"Seeds collected","foothills grassland; shale",,,,,,,,,,,,"United States",Colorado,Boulder,,"Between Olde Stage Road and US Highway 36 (North Foothils Highway) along Foothills Trail",,40.07434,-105.29079,WGS84,,,,,,,,1912,,,,,"1912 m",,,maryshimp,"2018-10-31 14:06:26",http://creativecommons.org/publicdomain/zero/1.0/,"Public Domain","Public Domain",urn:uuid:51545f21-811d-4bb0-b6f4-c3441660c6c7,http://swbiodiversity.org/seinet/collections/individual/index.php?occid=20596572
20596573,DBG,KHD,,ca77be98-2a59-4aa9-bfc1-5ea615f2e6b7,PreservedSpecimen,b09f4173-1c5c-426a-baa6-99b9c7787a51,KHD00065888,,Plantae,Magnoliophyta,,Brassicales,Brassicaceae,"Physaria bellii",44662,G.A.Mulligan,Physaria,bellii,,,"Alex Seglias",2017,,,,,,"Alex Seglias; Katherine Fu",23,2017-07-11,,,,,,,"Seeds collected","foothills grassland; shale",,,,,,,,,,,,"United States",Colorado,Boulder,,"Beech Open Space, east of Neva Access Road exit off of US 36 (North Foothills Highway).",,40.1011,-105.28,WGS84,,,,,,,,1684,,,,,"1684 m",,,maryshimp,"2018-10-31 14:06:26",http://creativecommons.org/publicdomain/zero/1.0/,"Public Domain","Public Domain",urn:uuid:b09f4173-1c5c-426a-baa6-99b9c7787a51,http://swbiodiversity.org/seinet/collections/individual/index.php?occid=20596573
20605198,CIBO,,,a728b69c-2644-480c-9c3a-323dfdb95396,preservedSpecimen,,CIBO-0000775,1873,Plantae,Magnoliophyta,,Brassicales,Brassicaceae,"Physaria bellii",44662,G.A.Mulligan,Physaria,bellii,,,"W. A. Weber",1999-07-30,,,,,,"Elaine Hill",,,1990,,,,,,"Flowers yellow.",,,"field values redacted: eventDate, month, day, startDayOfYear, verbatimEventDate, recordNumber, locality, minimumElevationInMeters, verbatimElevation, verbatimCoordinates, habitat",,,,Flower,,,,,,"United States",Colorado,Boulder,,,,,,,,,,,,,,,,,,,,,,,"2018-10-10 15:04:30",http://creativecommons.org/licenses/by-nc/4.0/,,,urn:uuid:aec32227-ec77-4b1d-937f-39a3ae73e765,http://swbiodiversity.org/seinet/collections/individual/index.php?occid=20605198
20605594,CIBO,,,a728b69c-2644-480c-9c3a-323dfdb95396,preservedSpecimen,,CIBO-0000776,1872,Plantae,Magnoliophyta,,Brassicales,Brassicaceae,"Physaria bellii",44662,G.A.Mulligan,Physaria,bellii,,,"W. A. Weber",1999-07-30,,,,,,"Elaine Smith",,,1990,,,,,,"Flowers yellow.",,,"field values redacted: eventDate, month, day, startDayOfYear, verbatimEventDate, recordNumber, locality, minimumElevationInMeters, verbatimElevation, verbatimCoordinates, habitat",,,,Flower,,,,,,"United States",Colorado,Boulder,,,,,,,,,,,,,,,,,,,,,,,"2018-10-10 15:04:30",http://creativecommons.org/licenses/by-nc/4.0/,,,urn:uuid:4a0c16a1-356c-49da-9242-a0e9b58209b9,http://swbiodiversity.org/seinet/collections/individual/index.php?occid=20605594
20605863,CIBO,,,a728b69c-2644-480c-9c3a-323dfdb95396,preservedSpecimen,,CIBO-0000774,1874,Plantae,Magnoliophyta,,Brassicales,Brassicaceae,"Physaria bellii",44662,G.A.Mulligan,Physaria,bellii,,,"W. A. Weber",1999-07-30,,,,,,"J. Shawver; M. Wendler",,,1990,,,,,,"Flowers yellow.",,,"field values redacted: eventDate, month, day, startDayOfYear, verbatimEventDate, recordNumber, locality, minimumElevationInMeters, verbatimElevation, verbatimCoordinates, habitat",,,,Flower,,,,,,"United States",Colorado,Boulder,,,,,,,,,,,,,,,,,,,,,,,"2018-10-10 15:04:30",http://creativecommons.org/licenses/by-nc/4.0/,,,urn:uuid:98f816e2-1596-46db-be1a-d85daaf24c01,http://swbiodiversity.org/seinet/collections/individual/index.php?occid=20605863
